SA2 Code,SA2 Name
211011254,Knoxfield - Scoresby
211011260,Wantirna South
211011259,Wantirna 
211011251,Bayswater
211011446,Boronia
211011447,Ferntree Gully - North
211011448,Ferntree Gully - South
211011257,Rowville - North
211011256,Rowville - Central
211011258,Rowville - South
212051325,Mulgrave
211031267,Ringwood East
211031266,Ringwood
211041273,Vermont South
211041272,Vermont 
212051327,Wheeler's Hill
212021453,Endeavour Hills - North
212021454,Endeavour Hills - South
212041312,Dandenong North
212041563,Dandenong - North
212041564,Dandenong - South
211051274,Belgrave - Selby
211041269,Forest Hill